conversation,index,value,flag,timestamp
"[{""role"": ""user"", ""metadata"": null, ""content"": ""What does the NDPA say about data subject consent?"", ""options"": null}, {""role"": ""assistant"", ""metadata"": null, ""content"": ""**Summary of NDPA Sections on Data Subject Consent:**\n\nThe Nigerian Data Protection Act (NDPA) provides several provisions regarding data subject consent, particularly focusing on the rights of children and individuals lacking legal capacity, as well as the withdrawal of consent. \n\n- **Consent for Children and Individuals Lacking Legal Capacity:**\n   - The NDPA requires data controllers to obtain consent from the parent or legal guardian of a child or a person lacking legal capacity to consent. This ensures that the processing of their personal data is done with proper authorization.\n   - Data controllers must implement mechanisms to verify age and consent, and government-approved identification documents are considered an appropriate method for this verification.\n   - However, there are exceptions where consent is not required. These include situations where processing is necessary to protect the vital interests of the child or individual, for education or healthcare purposes by authorized professionals, or for legal proceedings.\n\n- **Withdrawal of Consent:**\n   - Data subjects have the right to withdraw their consent at any time. This right is crucial for individuals to maintain control over their personal data.\n   - The NDPA mandates that data controllers make the process of withdrawing consent as straightforward as giving consent, ensuring that data subjects can easily exercise this right.\n\n- **Rights of Data Subjects:**\n   - Data subjects have various rights under the NDPA, including the right to access and rectify their personal data. They can request confirmation of whether their data is being processed, the purpose of processing, and the categories of personal data involved.\n   - Data subjects are also entitled to receive a copy of their personal data in a commonly used electronic format, unless providing such data would impose unreasonable costs on the data controller.\n   - Additionally, they have the right to request the correction or deletion of inaccurate or outdated data and to restrict data processing under certain circumstances.\n\nThese sections of the NDPA emphasize the importance of obtaining and respecting data subject consent, especially for vulnerable individuals, and provide data subjects with the means to control and manage their personal data effectively."", ""options"": null}, {""role"": ""user"", ""metadata"": null, ""content"": ""Thanks for being of help"", ""options"": null}, {""role"": ""assistant"", ""metadata"": null, ""content"": ""You're welcome! I'm here to assist with any questions related to the NDPA or data protection laws. Feel free to ask more specific queries about the Act's provisions, and I'll provide further details accordingly."", ""options"": null}, {""role"": ""user"", ""metadata"": null, ""content"": ""What's the score of chelsea match yesterday?"", ""options"": null}, {""role"": ""assistant"", ""metadata"": null, ""content"": ""I'm sorry, I can't provide information about football matches or scores. I specialize in data protection laws, specifically the Nigerian Data Protection Act (NDPA). If you have any questions related to data privacy or the NDPA, I'd be happy to assist you."", ""options"": null}]",3,Helpful ‚úÖ,2025-04-21 02:44:29.469253
"[{""role"": ""user"", ""metadata"": null, ""content"": ""I found this clause in a privacy policy, is it lawful under NDPA?"", ""options"": null}, {""role"": ""assistant"", ""metadata"": null, ""content"": ""I will be happy to assist you with analyzing the clause under the Nigerian Data Protection Act (NDPA). Please provide the specific clause or section of the privacy policy you are referring to, and I will assess its compliance with the NDPA.\n\nOnce I have the clause, I will follow these steps:\n\n1. Identify any potential issues or concerns regarding data protection and privacy.\n2. Compare the clause with the relevant sections of the NDPA, particularly those you provided in the context.\n3. Provide a detailed response, explaining whether the clause is lawful and, if not, what aspects might violate the NDPA and the rights of data subjects.\n\nFeel free to paste the clause here, and I will provide a comprehensive analysis. If you have additional questions or need further clarification on any aspect of the NDPA, don't hesitate to ask."", ""options"": null}]",1,Biased üö´,2025-04-21 05:14:42.126783
"[{""role"": ""user"", ""metadata"": null, ""content"": ""I found this clause in a privacy policy, is it lawful under NDPA?"", ""options"": null}, {""role"": ""assistant"", ""metadata"": null, ""content"": ""I will be happy to assist you with analyzing the clause under the Nigerian Data Protection Act (NDPA). Please provide the specific clause or section of the privacy policy you are referring to, and I will assess its compliance with the NDPA.\n\nIf you have any further questions or additional clauses to review, feel free to provide them, and I will ensure a comprehensive analysis."", ""options"": null}]",1,Biased üö´,2025-04-21 05:15:40.009515
"[{""role"": ""user"", ""metadata"": null, ""content"": ""I found this clause in a privacy policy, is it lawful under NDPA?"", ""options"": null}, {""role"": ""assistant"", ""metadata"": null, ""content"": ""I will be happy to assist you with analyzing the clause under the Nigerian Data Protection Act (NDPA). Please provide the specific clause or section of the privacy policy you are referring to, and I will assess its compliance with the NDPA.\n\nIf you have any further questions or additional clauses to review, feel free to provide them, and I will ensure a comprehensive analysis."", ""options"": null}]",1,Not Accurate ‚ùå,2025-04-21 05:16:18.437835
"[{""role"": ""user"", ""metadata"": null, ""content"": ""I found this clause in a privacy policy, is it lawful under NDPA?"", ""options"": null}, {""role"": ""assistant"", ""metadata"": null, ""content"": ""I will be happy to assist you with analyzing the clause under the Nigerian Data Protection Act (NDPA). Please provide the specific clause or section of the privacy policy you are referring to, and I will assess its compliance with the NDPA.\n\nIf you have any further questions or additional clauses to review, feel free to provide them, and I will ensure a comprehensive analysis."", ""options"": null}]",1,,2025-04-21 05:16:19.964927
"[{""role"": ""user"", ""metadata"": null, ""content"": ""I found this clause in a privacy policy, is it lawful under NDPA?"", ""options"": null}, {""role"": ""assistant"", ""metadata"": null, ""content"": ""I will be happy to assist you with analyzing the clause under the Nigerian Data Protection Act (NDPA). Please provide the specific clause or section of the privacy policy you are referring to, and I will assess its compliance with the NDPA.\n\nIf you have any further questions or additional clauses to review, feel free to provide them, and I will ensure a comprehensive analysis."", ""options"": null}]",1,Not Accurate ‚ùå,2025-04-21 05:16:20.184067
"[{""role"": ""user"", ""metadata"": null, ""content"": ""I found this clause in a privacy policy, is it lawful under NDPA?"", ""options"": null}, {""role"": ""assistant"", ""metadata"": null, ""content"": ""I will be happy to assist you with analyzing the clause under the Nigerian Data Protection Act (NDPA). Please provide the specific clause or section of the privacy policy you are referring to, and I will assess its compliance with the NDPA.\n\nIf you have any further questions or additional clauses to review, feel free to provide them, and I will ensure a comprehensive analysis."", ""options"": null}]",1,,2025-04-21 05:16:20.681809
"[{""role"": ""user"", ""metadata"": null, ""content"": ""I found this clause in a privacy policy, is it lawful under NDPA?"", ""options"": null}, {""role"": ""assistant"", ""metadata"": null, ""content"": ""I will be happy to assist you with analyzing the clause under the Nigerian Data Protection Act (NDPA). Please provide the specific clause or section of the privacy policy you are referring to, and I will assess its compliance with the NDPA.\n\nIf you have any further questions or additional clauses to review, feel free to provide them, and I will ensure a comprehensive analysis."", ""options"": null}]",1,Not Accurate ‚ùå,2025-04-21 05:16:21.306539
"[{""role"": ""user"", ""metadata"": null, ""content"": ""I found this clause in a privacy policy, is it lawful under NDPA?"", ""options"": null}, {""role"": ""assistant"", ""metadata"": null, ""content"": ""I will be happy to assist you with analyzing the clause under the Nigerian Data Protection Act (NDPA). Please provide the specific clause or section of the privacy policy you are referring to, and I will assess its compliance with the NDPA.\n\nIf you have any further questions or additional clauses to review, feel free to provide them, and I will ensure a comprehensive analysis."", ""options"": null}]",1,,2025-04-21 05:16:22.195015
"[{""role"": ""user"", ""metadata"": null, ""content"": ""I found this clause in a privacy policy, is it lawful under NDPA?"", ""options"": null}, {""role"": ""assistant"", ""metadata"": null, ""content"": ""I will be happy to assist you with analyzing the clause under the Nigerian Data Protection Act (NDPA). Please provide the specific clause or section of the privacy policy you are referring to, and I will assess its compliance with the NDPA.\n\nIf you have any further questions or additional clauses to review, feel free to provide them, and I will ensure a comprehensive analysis."", ""options"": null}]",1,Not Accurate ‚ùå,2025-04-21 05:16:22.971336
